"�v�Z�Ώ�","���t","���e","���z�i�~�j","�ۗL���Z�@��","�區��","������","����","�U��","ID"
"1","2024/10/31","�m�s�s�A�m�|�h�G�i�W�|","-7686","JCB�J�[�h(MileagePlus)","�����E���M��","�d�C��","","0","IhlyHHP0-Z6c2uLHBI8_yuxE3Ai8ugKCLtQWPnDPPj0"
"1","2024/10/31","�\�t�g�o���N�l","-5973","JCB�J�[�h(MileagePlus)","�ʐM��","�g�ѓd�b","","0","Kmqbw8FUf-keb9ooOv8dx4SUs4EJuHG3AfmvnEhRqSA"
"1","2024/10/31","�K�c�R�E�L���E�V���N�q","-4500","�O��Z�F��s","���{�E����","�w��","","0","6kUTO9nDAM1bM6MOZdl0hOlw6cn22lwQaRcqoNsktAA"
"1","2024/10/31","�����U��3 ��-���w���T�C�z�P��","-396","�O�HUFJ��s","�Z��","���[���ԍ�","","0","-M50lk_8t8RwkFud_GYvdFR4W_kzUCFHnZ_4BrWdV-c"
"1","2024/10/31","���[��","-54978","�O�HUFJ��s","�Z��","���[���ԍ�","","0","3ZO-2GRKnJ5uXjrD5qrrJUc8rCK3c6kJ1ArJ1H-XdYI"
"1","2024/10/30","�� SU�Z���^ �o SU����","-250","���o�C��Suica (��)","��ʔ�","�d��","","0","5HRtsijvvz4xe1HdkGDfosqTOTp5G6lxlQSE2JTf2ug"
"1","2024/10/30","�� SU���� �o SU����","-250","���o�C��Suica (��)","��ʔ�","�d��","","0","ntdGX1_O6tyrDog2NdnAJ2NgLvBaEwCKqSwAPMQxMXI"
"1","2024/10/30","�� JW���� �o JW�Z�g","-190","���o�C��Suica (��)","��ʔ�","�d��","","0","yK_d4fIio9FQpMfapKuI7ITFl8NV1OicN0POtfJ9jnk"
"1","2024/10/30","�� SU�Z�g �o SU�Z���^","-250","���o�C��Suica (��)","��ʔ�","�d��","","0","JTLb6xACvgcs2wDABB82yxbUpvsLNHXobeUDv_yWqxs"
"1","2024/10/30","�L���X�N���É���������z�[���k�T�P�U���l","-170","JCB�J�[�h(MileagePlus)","�H��","�H��","","0","HX0pN8iRBQA2IFDuHIhPN-WTlX5RR_nvwVs4n7MgUl4"
"1","2024/10/30","�r���������k�g�ь��ρl","-5000","JCB�J�[�h(MileagePlus)","�����E�J�[�h","�d�q�}�l�[","","0","V9V-0Eil6IsgWji0zpsBGc-1b5Y_Nknodmch9CrnAcA"
"1","2024/10/30","�Z�u���|�C���u���A���g���}���V�F�V�_�˓X","-494","JCB�J�[�h(MileagePlus)","�H��","�H���i","","0","V3HB9e6RfwCuDZNOnzIRT1rBuW7BDXvcLOrtulFcv3Q"
"1","2024/10/30","�L�h��ʊ������","-1730","JCB�J�[�h(MileagePlus)","��ʔ�","�^�N�V�[","","0","9y7CtxWOhQtybIKhL2iJ-Mx4tje8jlNilYeZcTToAlo"
"1","2024/10/30","���É��w�X��","-7513","JCB�J�[�h(MileagePlus)","�H��","�H��","","0","NRKiUssBPlUHhmTTSvaYv5YN_eohxriq90ARsqtZaE8"
"1","2024/10/30","�x���}�[�g�@�L���H�X","-993","JCB�J�[�h(MileagePlus)","�H��","�H��","","0","7gNaxALO6BMEkpC5cGuMwNPH_9FUn_3S2TmIpwyGf8o"
"0","2024/10/30","�J�[�h (725)","80000","���ʂ̂����z","������","������","","1","o7MgkOp7UlUNcIKZWpuOG4WTMz4kU-cp2-TNjaoBQ98"
"0","2024/10/30","�J�[�h (725)","-80000","�O��Z�F��s","�����E�J�[�h","ATM�����o��","","1","SfKhIl7sTiFX6ca31SPpg12xOTscYJkoauFVbQjucLY"
"1","2024/10/30","�U��2 �_�C�n�c�R�E�M���E","4870","�O�HUFJ��s","����","���̑�����","","0","EswNJKVOG4aCUB7Dmp3ZtCehLzgviVzxdeFSi8bUX64"
"1","2024/10/30","���j���b�y��","-220","���ʂ̂����z","���{�E����","�K������","","0","zfxIg3BeEPW-Jabb9tUY2J8CaP1bYqI0UUxpu00Z8Ic"
"1","2024/10/29","���́@�n�A�۔A����","-330","���ʂ̂����z","���N�E���","��Ô�","","0","Uw3kjt-hCGfYcYOOMJUNxi5PcPnPiRtbkHWeNYjHFjo"
"1","2024/10/29","�_�C�G�[�r�l","-3542","JCB�J�[�h(MileagePlus)","�H��","�H��","","0","OyN_FZAgLt0HdM3EYlM2vP65XHYOh0utvoC2Nwe86HQ"
"1","2024/10/29","�傫�ȉ����Œe���₷�� �͂��߂Ă��ǂ��s�A�m ���w����A�j���\���O�܂� ���ׂẲ����Ƀh���~�ӂ肪��&��єԍ��� �̔�: Amazon.co.jp","-1870","Amazon.co.jp","���p�i","�q��ėp�i","","0","uJYnsGwtLbCDMcHKrZiGEntEVLnZ52cIIS5CF4HjUvE"
"1","2024/10/28","�x�m GRAYMASK �s�D�z 3�wPFE �}�X�N (30�����~5��) �O���[�̃}�X�N �t�F�C�X���C���������胏�C�h�݌v (5) �̔�: ���[�V���b�v","-2200","Amazon.co.jp","���p�i","���p�i","","0","hLyoZh_pTwbSoDf0SU57mgmPNRBA2jFjaPCtHNa2AuY"
"0","2024/10/28","AIS �^�CSIM �^�C�v���y�C�hSIM ���p����7����(168����) �ʐM���x�����Ŏg������/�^�C���n�̖����ʘb �������M30���t��(���M�͖������ŗ��p�\) �ʘbSIM �^�C�V�� �̔�: ������Ѓ��C�Y�E�\�����[�V�����Y","-995","Amazon.co.jp","������","������","","0","NllclcwhnIp2JLk_Q5BMXjZuHUxlTpVYpVnhCPzCVhU"
"0","2024/10/28","�`�l�`�y�n�m�D�b�n�D�i�o","-1870","JCB�J�[�h(MileagePlus)","���p�i","���p�i","","1","97NBM7SvclTCw1_6cj0fteLAxVmOgJygGRz5saEeizY"
"0","2024/10/28","�U�� �R�C���v���X","1580","�O��Z�F��s�i�ށj","������","������","","0","8qAtQbEESe7_alhoovxVwIw_jjVMEzvu4zUswsBrELA"
"1","2024/10/28","�v���O���{(SMCC","-11770","�O��Z�F��s","���{�E����","�K������","","0","-SFVy_wpLZyRsA5RKYLZjGV9oIBgJD7uTNup8EGIaE8"
"1","2024/10/28","�v���O���{(SMCC","-11770","�O��Z�F��s","���{�E����","�K������","","0","1FscsvCaa4YVmALqtBYWmXTJkSg0fsTfNK79nFx1Djs"
"1","2024/10/28","CSS(�c�o�T�L�c�I��","-11000","�O��Z�F��s","���{�E����","�K������","","0","H_89HcMtSzqSqw0fPMhELovesuZD1OqzOaYNVcMGChM"
"1","2024/10/28","�ߌ�̍g��","-140","���ʂ̂����z","�H��","�H��","","0","pQWVloN_QO7pk4FwSONdTUXpB5cvarfc1OOOqqGIAS8"
"1","2024/10/28","�A�C�X","-180","���ʂ̂����z","�H��","�H��","","0","8dr_gD6eWUHSjVpd0vOORwQ2uV-nvwcKIFN0KE1DuQQ"
"1","2024/10/28","�����U��4 AP(�}���V�����J�����q","-30300","�O�HUFJ��s","�Z��","�Ǘ���E�ϗ���","","0","hOa4FwvMUyjx93e2Nbf2mLvmhiVjMdtRNakCrcViCs8"
"1","2024/10/27","�R�C���v���X","-40000","�O��Z�F��s�i�ށj","�����E�J�[�h","�ނ�������","","0","2YjNrs3GvAlTCkkCGYKU9XNnCvmkfB6hymvAmkJJFlQ"
"1","2024/10/27","�R�C���v���X","-40000","�O��Z�F��s","�����E�J�[�h","������������","","0","2CKLuuli73pGCucWxmjWJBIhECugaxYwcNubX5eR2V8"
"0","2024/10/27","�`�����������@�l�����������@�o��������","-2200","JCB�J�[�h(MileagePlus)","������","���̑�������","","1","ByRc8aiLLdWpa9OhK3o6GYzVQMQCOufzxRywqlmumFM"
"1","2024/10/27","�����i�s���j","8634","���ʂ̂����z","����","�s���ȓ���","","0","K2WQMLzBGpOxl5CSTW7frf8gd14ShpeA5ha6v4GbaVY"
"1","2024/10/27","�x�o�i�s���j","-545","PayPay","�����E�J�[�h","�g�r�s����","","0","ySFB_vqfDdfyd1m4uziA8wbfzK-t8qWjxXNnTQvlF1U"
"1","2024/10/27","�X�i�b�v�X�i�b�v","-3267","PayPay","���{�E����","�K������","#PayPay","0","StyYsaIEQlvxbdYhAh9wctSXNBHgYoEldBb-c46zrEk"
"1","2024/10/26","�o���k�A�|���X�e�[�V�����l","-7530","JCB�J�[�h(MileagePlus)","������","�K�\����","","0","9u6QD64MYnQdOWV-odLpVucCuHa5WNtFmlnXWs3gIZs"
"1","2024/10/26","�_�C�G�[�r�l","-840","JCB�J�[�h(MileagePlus)","�H��","�H��","","0","uGCtRHyqldeXIbZ8jxYHu1whKirx_W2ZbwR9vuRodcA"
"1","2024/10/26","����@����X","-2609","JCB�J�[�h(MileagePlus)","�H��","���̑��H��","","0","QS1IOPoemikiWuIkx5GP6ovRwXnvFPqLfgOWeMd7fMg"
"1","2024/10/26","�_�C�\�[","-542","JCB�J�[�h(MileagePlus)","���p�i","���p�i","","0","g1cxiLDn47WQAjG1-kWluqZn9jG3iYX0qFMwpcZ48Hw"
"1","2024/10/26","���Ђ납��؋�","3000","���ʂ̂����z","����","���̑�����","","0","T6PRchL1KrlNMguZtXHvOixzosdHq10cDEwB7wUONh4"
"0","2024/10/26","�y�C�y�C","30000","PayPay","������","������","","1","dJfOY_dDWGrXRL5LYbwIxif6r3i7hN7MtW-OhbMoKQE"
"0","2024/10/26","�y�C�y�C","-30000","�O��Z�F��s�i�ށj","�����E�J�[�h","�d�q�}�l�[","","1","qFNUGnKl_I2CykJeGDBBviFpy1usmMcSzh3yXuBZBRk"
"1","2024/10/26","�Z�XCAFE&BAR","-8510","PayPay","�H��","�H��","#PayPay","0","55p1d-b5lQq4mAZZPR2pLtLigAv6SQjJ51SEs-X7Ie0"
"1","2024/10/26","coopercooper 2���� ��������","-600","PayPay","�H��","�H��","#PayPay","0","u_0wfCYbE-Yca3QS_i3bS8itdE6NwDojrgc89CCXWXk"
"1","2024/10/26","�Ԃǂ���","-500","���ʂ̂����z","�H��","�H��","","0","e95nZY-LXfCobeukfqyS1PNkcserzkv3TjMHPIImaYA"
"1","2024/10/26","���[����","-1400","���ʂ̂����z","�H��","�H��","","0","aAcMGEKu5OjB3M5TfuGVinj0ES2bf0jptVTs4eX-TYY"
"1","2024/10/26","�Ճ`�P�b�g","-1600","���ʂ̂����z","�H��","�H��","","0","ll15-fK-OTQJue8zOFb0OU6tH_hWr2mOvC4LoTqd_bQ"
"1","2024/10/26","�W���[�X","-322","���ʂ̂����z","�H��","�H��","","0","GJEphDDK7FWFPjYt2povfleZ0uFILZD18UtDIkG0S6U"
"1","2024/10/25","�U��*�J)���P��","-10000","�Z�MSBI��s�i�ށj","������","���ԏ�","","0","Teb-b8_zUDR4k1wkE_MD5oAebPdo2FFrJROn4ldZswU"
"1","2024/10/25","�K�c�R�E �����m�z�V���E�`�G��","-6255","�݂ȂƋ�s","���{�E����","�w��","","0","kviScOjXusNQacHg9QBlQ8V8-l6u8ZuVlklQffdGxBc"
"1","2024/10/23","","-200","���ʂ̂����z","������","���ԏ�","","0","gQIddBBKeSSYtKoQ4sfmucoF7bHTLPpZ3-4pkm8xES8"
"1","2024/10/23","�V�E�A�n�����܂Ԃ� ������_�d","-5000","PayPay","�H��","�H��","#PayPay","0","YYM6JNZjjyRENZ8maRYauIIB2q6ItUCkm5KZJkFKqoE"
"1","2024/10/23","�����@","-1420","���ʂ̂����z","���N�E���","��Ô�","","0","yNWdt_QhNEGUScqvwoqzwVsYNUeUUCduSk-zQF0RV6I"
"1","2024/10/21","�R�J�E�R�[�����̋@�p�t�h�b�o����","-150","JCB�J�[�h(MileagePlus)","�����E�J�[�h","�d�q�}�l�[","","0","Xei6Azd-P0bSjss6n1in4Bd_WW4VPVQ0775g6DUHHpw"
"1","2024/10/21","�`�l�`�y�n�m�D�b�n�D�i�o","-742","JCB�J�[�h(MileagePlus)","���p�i","���p�i","","0","s7nwEmdvt0mcR6RGTURpM8DYqDmdM4ibn6mSVut7HRg"
"0","2024/10/21","�y�C�y�C","10000","PayPay","������","������","","1","ajvCjs2nfBbTDTdLGonaUqIjxMpBZWLKdlSHvxb0iY0"
"0","2024/10/21","�y�C�y�C","-10000","�O��Z�F��s�i�ށj","�����E�J�[�h","�d�q�}�l�[","","1","Aj6VBiVf82rG6qblZCFKNrRJH6qGwITqo5Sr66Zl2X0"
"1","2024/10/21","��","-400","���ʂ̂����z","���N�E���","��Ô�","","0","2OyC8b7hKpZB2Jee2HlA6HbwP-Fi5nYa281rCWM99W4"
"1","2024/10/21","����","-400","���ʂ̂����z","���N�E���","��Ô�","","0","6psjyJMyt9-MdoF5CwBmHoV-CgwEje2GDQYIeWxXuw8"
"1","2024/10/21","�_�C�G�[�_�C�G�[�Z�b�A�C�����h�X","-79","PayPay","���p�i","���p�i","#PayPay","0","ZJv0Rhj4PkyI9O-vF4urfKf2A2A3tg-DtjIKF04MUcc"
"1","2024/10/21","�N�w�N�w","-866","PayPay","�H��","�H��","#PayPay
�����̔�������PayP","0","_G3ZAzfh6qbPTEGLXTuInP4vx1DiLrN62yBBSa28tcI"
"1","2024/10/20","����","-1","�Z�MSBI��s�i�ށj","�ŁE�Љ�ۏ�","���̑��ŁE�Љ�ۏ�","","0","f7OkteKPIzVAE8s5Lm3NSH3P1rRB9DCBjSYSaqohn1Q"
"1","2024/10/20","����","11","�Z�MSBI��s�i�ށj","����","���̑�����","","0","V6XWzXAZmPlIeqskpnaMIwOMlXhfVLmnX0U1X-UmEOI"
"1","2024/10/19","���イ���イ�J���r","-3149","JCB�J�[�h(MileagePlus)","�H��","�O�H","","0","r1QLra5lm47_kVYgkolzveD_Rbtv7R2hMMpPEFFPv8k"
"1","2024/10/19","�Ȃ��K","-770","JCB�J�[�h(MileagePlus)","�H��","�H��","","0","Gti2-1nPcgkenLQsgFqyYpvPbTC6JizttSr2y5BNt7o"
"1","2024/10/18","��K�X�P�O�����S�R�O�Q�P�O�V�W�P�O�X�O�P","-2941","JCB�J�[�h(MileagePlus)","�����E���M��","�K�X�E������","","0","RX-zFxmUHFIPz_g6iWQhX_WhyaEwJC-63sipA1M1qc0"
"0","2024/10/18","�U�� �R�C���v���X","38000","�O��Z�F��s","����","�J�[�h���֕�","","0","PORv0QGczw8eLMqKJ1zJ3Q31qCBfV2NAYlEIAMZ977M"
"1","2024/10/18","����","80000","�O�HUFJ��s","����","���^","","0","bo2rmm-yE1e23MU93YmjQV1PtOiBWbCAZdviNI6nXMk"
"1","2024/10/18","�����U�� �_�C�n�c�R�E�M���E(�J)�z���V��","358000","�O��Z�F��s","����","���^","","0","i5mO8FadhqnJa1vqSSE6RFVFIvjJxJGbQfR1ULXQFLc"
"1","2024/10/17","�X�|�[�c�G���g���[","-2970","JCB�J�[�h(MileagePlus)","��E��y","�X�|�[�c","","0","ewBeT9eRAgsSfyx43so5XHXmOgw59XmoEmhS2mfCuNE"
"1","2024/10/17","�_�C�h�[�h�����R�@�������̋@","-100","JCB�J�[�h(MileagePlus)","�H��","�H���i","","0","cJtDfHyjF28DiA171cJCJK9bePFEJI872EaJhSe2nR4"
"1","2024/10/17","�M�t�g�L���X�N�i���抷","-1350","JCB�J�[�h(MileagePlus)","���۔�","�v���[���g��","","0","SfpCImSnvcgi3Hcb91e9YjuSaQqhXcZ_PKe6M_8dZ44"
"1","2024/10/16","���������삳�܎s","-10000","JCB�J�[�h(MileagePlus)","�H��","�H��","","0","Eq_GNDn8wwQtHHd5CXFBrpWd2cWm906VP0O25SYJrwc"
"0","2024/10/16","�u���b�W�J���g���|","-1580","JCB�J�[�h(MileagePlus)","������","������","","0","1uMJig_esFHJrlDGWjIBn57KxWfkjPna7071s2SXG4k"
"1","2024/10/16","�r�|���W�F���h�@�v���e�C���|�����|","-6700","JCB�J�[�h(MileagePlus)","�H��","�H��","","0","QOkBVjpKQSpTUOK7Trcri-ZkiI8PBwwDq9VktXISkrY"
"1","2024/10/16","���|�t���X�X�|�|�c�X�N�|��","-5750","JCB�J�[�h(MileagePlus)","���{�E����","�K������","","0","zNxunt7pgIas4PAjOrcwTFGNCKS8-fO68QSAK0xtZzM"
"1","2024/10/16","����N���j�b�N�@��������","-590","���ʂ̂����z","���N�E���","��Ô�","","0","6lMkS0jBL7C-X4xSYVhB1xeoKh0xEATHL0Sco2_ilJU"
"1","2024/10/16","����N���j�b�N","-3080","���ʂ̂����z","���N�E���","��Ô�","","0","ICni4pHEUvxdkDrMEF64zZMMG1AkPWRN_rZF3Viun_0"
"1","2024/10/16","","-2077","YAMADA STORE","�H��","�H��","","0","X8XoseClsjtsOhjPjFCcH94rkR1onuhYP-JIcbeAbwE"
"0","2024/10/16","","10000","YAMADA STORE","������","������","","1","Vy2iGuw7p3tY9pdSxtHXU2I87nJM0c8JKpL2vl4PoE4"
"0","2024/10/16","","-10000","���ʂ̂����z","������","������","","1","bzpg_Im_tszpFFxTDsuCzvScM-lH50l_kyVzQgV9SFY"
"1","2024/10/16","�_�C�G�[�_�C�G�[�Z�b�A�C�����h�X","-217","PayPay","���p�i","���p�i","#PayPay","0","5PPIyy2OPbq6jbJwRe_laDh54Q2Gi1ujtq1LTVpFkdU"
"1","2024/10/16","�_�C�G�[�r�l","-1175","JCB�J�[�h(MileagePlus)","�H��","�H��","","0","RswVb4lWJrD2wxEIZB4s6vJESeIa41248kFKZmHiP_U"
"1","2024/10/16","�r���������k�g�ь��ρl","-2000","JCB�J�[�h(MileagePlus)","�����E�J�[�h","�d�q�}�l�[","","0","qln-kl3zm0_n9fJFF28W6bC5F4CQ3YwTJEerKhz5vBE"
"1","2024/10/16","�Z�u���|�C���u�����{���{���R���ړX","-736","JCB�J�[�h(MileagePlus)","�H��","�H���i","","0","lwmLbZxVEv9D9PF6E2pmxnuNa7QviQcNFLg6kaZjTeI"
"0","2024/10/16","�U�� �R�C���v���X","300000","�O��Z�F��s","����","�J�[�h���֕�","","0","-S51xHGPLa5HB0fhnhweQge-gP8Tl6nuhtBFSf9stfs"
"1","2024/10/15","����u���ʍs����","-300","JCB�J�[�h(MileagePlus)","������","���H����","","0","-p9PXm_JmGn2ibirmlbmG1TUqp0AK-Ley7gg7gpfXIA"
"1","2024/10/15","upsimples �z�� �y�ʊz�� A4 �Ǌ|�� �t���[�� �u���b�N�u���P�b�g�t��(29.7*21cm) (940�~ * 2�_) �̔�: VTOPMRAT-JP","-1880","Amazon.co.jp","���p�i","���p�i","","0","EoVtfgYm3unjoCiDM-g0K6AEIrzfPbBSvNwRkf744N0"
"1","2024/10/15","CASA BLANCACASA BLAN CA","-5400","PayPay","�ߕ��E���e","���e�@�E����","#PayPay","0","-yg1W5S9kXR21Gabjug7Y83Wow_DVONxHxeOTpfX4ks"
"1","2024/10/15","�C�P�AIKEA �_��","-300","PayPay","�H��","�H��","#PayPay","0","hxL_3Rw-y7o7ie7m4mEfBxZ_e5dokDyZMbdwgHpMEco"
"1","2024/10/15","���|�t���X�X�|�|�c�X�N�|���k�C�x���g�l","-1730","JCB�J�[�h(MileagePlus)","��E��y","�X�|�[�c","","0","KiHCKm-pAmqFazFZZn4_ZroU2rCe3HLw1hb7IZYVQrk"
"0","2024/10/15","�U�� �R�C���v���X","300000","�O��Z�F��s","����","�J�[�h���֕�","","0","5EEQhcarFzfMT2otqNivoMj-mSPr8q2FBZIJP2Mutgc"
"0","2024/10/15","�`�����������@�l�����������@�o��������","-1880","JCB�J�[�h(MileagePlus)","������","���̑�������","","1","VqEmNhI-bktcqBvKpwfffmU_kbnC3nLeMeyEPaihQHw"
"1","2024/10/15","���������@�m�n�q�s�g�E�r�n�t�s�g�l�`�k�k","-940","JCB�J�[�h(MileagePlus)","�H��","�O�H","","0","GPw4Lm-jhxNHJ4Eb2fmGRdQp25X3J5bD0dobuHIiBdg"
"1","2024/10/14","�����[","-10172","���ʂ̂����z","�H��","�H��","","0","e1vWDG11LiFVLNz3fDLdyjWa5TBrkHhnb2DMtnuYcXk"
"1","2024/10/14","�ۋT����","-1210","���ʂ̂����z","�H��","�H��","","0","Dp-qCnZ3-f060kaabSDO6v7d6e6CN9713s6L4eYKJcg"
"1","2024/10/13","�y���j���[�A���zLULULUN(��������) �t�F�C�X�}�X�N ���������v���V���X 32������ 4FB (�Z���ێ��^�C�v) (1870�~ * 2�_) �̔�: LuLuLun �����V���b�v","-3740","Amazon.co.jp","���p�i","���p�i","","0","ey3S7gr9_g2IYoF7Ztf8t0EeI6GrUdytfFs0zKkIZK8"
"1","2024/10/13","���������@���������@�ʐM��","-748","JCB�J�[�h(MileagePlus)","�ʐM��","�g�ѓd�b","","0","IeLyeC827QRXwLKTx5Hg9Be0nwn_B8TxU9ot9qbtIhU"
"0","2024/10/13","�`�����������@�l�����������@�o��������","-3740","JCB�J�[�h(MileagePlus)","������","���̑�������","","1","NM5u9UgWgLb4WUC__fyzU12f_8biPSh1Ba4DISxu_aU"
"1","2024/10/13","�_�C�\�[ROKKO iPARK","-220","PayPay","���p�i","���p�i","#PayPay","0","2RjICFOAql2T5UvGSDlJ-dDfm19RKn1D7zh6KI6jMiE"
"0","2024/10/12","�p�\�R���U�� �J) �O���C�X�n�E�X","-638000","�O��Z�F��s","������","������","","0","JrnJJg0BHb-_JqUEXb5mEGT2qe1xJD2oHsvh1F_iJGI"
"1","2024/10/12","������������","-782","JCB�J�[�h(MileagePlus)","������","���ԏ�","toeic","0","toWyd-Lt0KM-Qv3qj4EHuziGxBd8EEN43dNi4iWpJoo"
"1","2024/10/11","�C���e���A�V���b�v�@����������","-1980","JCB�J�[�h(MileagePlus)","���ʂȎx�o","�Ƌ�E�Ɠd","","0","T1FF7BgcvErKhRB4z4EAARDZcPRYSlu9iHmHjj_uoaU"
"0","2024/10/10","�U�� �R�E�x�V�W�h�E�e�A�e","80000","�O��Z�F��s","����","���̑�����","����","0","N6Yopcjfb7B5tKaJiHI-Ku3iQgaQ_oLoULYlel4D1ro"
"1","2024/10/10","�i���j�W���p���r�o���b�W�z�[���f�B���O�X","-140","JCB�J�[�h(MileagePlus)","�H��","���̑��H��","","0","tvFpStIlLeaX-ISnvtoAnYnJ85EhilwAPNB8I5Xh72w"
"0","2024/10/10","(�J) �W�G-�V-�r-","-161335","�O��Z�F��s","�����E�J�[�h","�J�[�h�������Ƃ�","","1","QutSPxkTvgOcx4_x7-2S3BCFR578zAfdldM_HCVoFyY"
"1","2024/10/09","�\�t�g�o���N�k�a�l","-8033","JCB�J�[�h(MileagePlus)","�ʐM��","�g�ѓd�b","","0","-9xTQPU0WnKhXNDvsuHRpBV8EoCNHxokopLVxppHf6E"
"1","2024/10/09","","-3352","YAMADA STORE","�H��","�H��","","0","MqmO_RN6-QA5gSTswDv-gj4bujZpHdL8P5_q502Lmv8"
"1","2024/10/08","���[�\���ɉ�ʑ�","-696","JCB�J�[�h(MileagePlus)","�H��","�H���i","","0","9a45e9zn9EniBYResHkmf9MaMv6fqZkmavAR8vcWj0k"
"1","2024/10/07","�\�����G���M�t�g","-1980","JCB�J�[�h(MileagePlus)","���۔�","�v���[���g��","","0","gMohwOVvBLmsPD7uAuG3xhPN4S58aLjiNkiYgZmj3HA"
"1","2024/10/07","��e�N���b�Z���X�o�[�K�[","-1380","PayPay","�H��","�H��","#PayPay","0","Apm1NYs4hfAEyYIB3Jf2u9s3QiRoPgplzm8nvJXJvCM"
"1","2024/10/07","�o���k�A�|���X�e�[�V�����l","-6993","JCB�J�[�h(MileagePlus)","������","�K�\����","","0","0wYVjIMhbfaF4KAtXOLgEaRVozdvIz0OUpWfVl_GGss"
"1","2024/10/07","�t�@�~���[�}�[�g�@�_�˃t�@�b�V�����}�[�g","-2650","JCB�J�[�h(MileagePlus)","�H��","�H���i","","0","iE5aPPj8j9opPSFojvtWTRKR90RU6qcTBjXafztJ67Y"
"0","2024/10/07","��e�N���b�Z","-990","JCB�J�[�h(MileagePlus)","�H��","�O�H","","0","MGwiyRKUTiF-MUcs92vMbaA-fcXaKhls-Z7iZxr5G6E"
"1","2024/10/07","�R-�v","-39501","�O��Z�F��s","�H��","�H��","","0","3qkA_vxaC10hfOVFjteXuZ0P2YNhR4tXGSXYu-RLAGE"
"0","2024/10/07","�J�t�F���ԋ�","1310","���ʂ̂����z","����","���̑�����","","0","WduucqaMP-TfQNt7z84pAr8k0y3YdSgObErAhw_w_Rc"
"0","2024/10/07","�X���[�R�C���Y���ԋ�","990","���ʂ̂����z","����","���̑�����","","0","-CxINQeyV6o9YrZnJixWjpGF8jU3kGCfcsDKz-lJbKw"
"1","2024/10/07","������d�Ԓ�","-240","���ʂ̂����z","��ʔ�","�d��","","0","IuP-wb0uQzODBvYAWOfWT6-ZYH4gDUve1fb1N67I5TI"
"1","2024/10/06","�y�V�Q�S","-7650","JCB�J�[�h(MileagePlus)","���p�i","���p�i","�R���^�N�g�p�i","0","7Lv2fnGbhq9k19Ta8sr57fB_3Bllhzs8KWzVDrPpQ4w"
"1","2024/10/06","","-14827","MandaiPay","�H��","�H��","","0","hjMZRGMTOAtV2AJjXDnR6jbFgrKX2siNx7UebWPm7cY"
"0","2024/10/06","","15000","MandaiPay","������","������","","1","xPIxvUhAf8YGfCS6IrVRh1IgipUEFM6W120uKzXXNok"
"0","2024/10/06","","-15000","���ʂ̂����z","������","������","","1","0fXD-h5v10hKgEPuqYemOU3nfnKpqd71gXxO_9kovTw"
"1","2024/10/06","�z�[���Z���^�[�R�[�i���@����X","-833","JCB�J�[�h(MileagePlus)","���p�i","���p�i","","0","_8LK1YnKanSTb5wAZjaP97wNOka9a71BKMHbxhL5CpE"
"1","2024/10/06","�z�[���Z���^�[�R�[�i���@����X","-6967","JCB�J�[�h(MileagePlus)","���p�i","���p�i","","0","F9YswIuQYCX6Q8WW_04hUOimYerJbVPpuFRyS0Sb3nw"
"1","2024/10/06","�_�C�\�[","-1100","JCB�J�[�h(MileagePlus)","���p�i","���p�i","","0","U9qdmlxXDe1zPISf_ZkqolKIZwwAA9pgQeH-GiZbzGI"
"1","2024/10/04","��","-400","���ʂ̂����z","���N�E���","��Ô�","","0","paqJal6uvm7pt2OOuWK44PTREqsNBAOyuY5uMt1Padw"
"1","2024/10/04","����","-400","���ʂ̂����z","���N�E���","��Ô�","","0","KRL5_YCaBh3sdig0CYmCLSkdxJMXOfDJDNL5If5MFFc"
"1","2024/10/03","���C�t�@�g��X","-861","JCB�J�[�h(MileagePlus)","�H��","�H��","","0","1SqLQOPBH9MgXIvJ_wtqIL0CeH1v4i4h-VJ0Fcdqwls"
"1","2024/10/03","�������s��i�����j","-5930","�Ȃ�","��E��y","���s","","0","KTbTJDCM1EleOMpclGWPqRZAjlROatJY9OGxNi7qJDo"
"1","2024/10/02","�a�����������@�g�������y�u���|�Y�^�`����","-4160","JCB�J�[�h(MileagePlus)","�ߕ��E���e","���e�@�E����","","0","Yc-Y4Tb3rzqBF2C5AyN_G3aANMgF4aVt1XQ-6g0vyKI"
"1","2024/10/01","���b�g���C�t�A���R�����i~�f25/9�j","-14554","�Ȃ�","�ŁE�Љ�ۏ�","���N�ی�","","0","Gqps58hFxBRhPFBCOFDw4v1i0VFViXnqOCcraMCKYHc"
"0","2024/10/01","���b�g���C�t�����ی����p��","-53315","JCB�J�[�h(MileagePlus)","�ی�","���̑��ی�","����","0","0W_lBsCZtjFu22cWtlIcPpHLt8d-0kdUXwWAt80cUuU"
"0","2024/10/01","���b�g���C�t�����ی����p��","-50815","JCB�J�[�h(MileagePlus)","�ی�","���̑��ی�","����","0","iDkUezKXL0nbK9ZThkgsg0rZQ0vZnYqMA6yLxq_Jje8"
"0","2024/10/01","���b�g���C�t�����ی����P�C�]�N","-70517","JCB�J�[�h(MileagePlus)","�ی�","���̑��ی�","����","0","l2Io_vgD0EnbpX1-lnmyRgKduzZSYrO8EmIs7hu_PCQ"
"1","2024/10/01","��旘�q","6","�䂤�����s","����","���̑�����","","0","vQG4fWebfC7zr8Ssjr09F7LcdA2QmxxrjbVTm2XehFA"
"1","2024/10/01","�z�b�g�N�b�N�i�f27/5�����j","-1451","�Ȃ�","���ʂȎx�o","�Ƌ�E�Ɠd","","0","9zyXlNrKLNwphGcpgGAwX46rh-UFZG67294WBWdXqlU"
"1","2024/10/01","�z�������h�Z���i�f26/5�����j","-2417","�Ȃ�","���{�E����","�w�Z�֌W","","0","PkysvAqlwUalHCAPPK5W33d3F8echC-ECZdyXrXww2w"
"1","2024/10/01","�����Ԑŕ����i�f25/4���܂Łj","-4308","�Ȃ�","�ŁE�Љ�ۏ�","�����Ԑ�","","0","G1PB1Gyb6OfAB7ddLVC9eYVpji_DLhoyjmltsfg87uA"
"1","2024/10/01","�Œ莑�Y(25/3�܂ŕ���)","-18542","�Ȃ�","�ŁE�Љ�ۏ�","�Œ莑�Y��","","0","St4T0uAXFUm6TQHbTYIbgUnr7I4HEUzpUu906jYbPxQ"
"1","2024/10/01","���E�X�C�[�g�_�ˁi�����j","-5752","�Ȃ�","��E��y","���s","","0","J3DN7yHXMy6xe_YbrEjn8h5EF3xfwNAISuxtJGcobt4"
"1","2024/10/01","�N���W�b�g�J�[�h�N����","-2246","�Ȃ�","���̑�","�G��","","0","X-WFr9L-MRrvkWXwaHF4FbL5UMUSvSKQkYsFW5xIAEc"
"1","2024/10/01","�`�����������v���C�����i�����j","-492","�Ȃ�","��E��y","���̑���E��y","","0","8z3-cDe9-U9sM4SFKDAZtgfl1v5t32F-eRUVgW_qEBs"
"1","2024/10/01","�`�������W�^�b�`�i�����j","-3490","�Ȃ�","���{�E����","�K������","","0","EM9igc3g6SfcWEftOska6bffhq2kgfUBmppJOvdPX1A"
"1","2024/10/01","���������s�i�����j","-10777","�Ȃ�","��E��y","���s","","0","1ZqmGWDBHfjM-vCIYzAHVaSsJY0Zd41xkKEvJ9rWwQw"
"1","2024/10/01","�^�C����i�����j","-2799","�Ȃ�","������","�Ԍ��E����","","0","YYupvrEfXlgoY_UBd6UntAxZaHokjZFnk_huu_bGFNA"
"1","2024/10/01","�Z�]�������ԉ΍Еی�������Ёi�����j","-5533","�Ȃ�","������","�����ԕی�","","0","kswTTVELj1_hU8efrYtDjFWQRZ7RE1bzS9BjzLWnP1A"
"1","2024/10/01","�m�g�j��M���i�����j","-1746","�Ȃ�","�ʐM��","����������","","0","Y-U8IIjavXkkd4S8cVSHtvhTTHhUGKlFACaK-iv2lBI"
"1","2024/10/01","�Ԍ��i�����j","-10833","�Ȃ�","������","�Ԍ��E����","","0","BjvO7pPzWWp6ZSR4Uu04DZ0EUb0-SfpLVPSRBPaSvNI"
"1","2024/10/01","�_�ˎs�����蓖�i�����j","20000","�Ȃ�","����","���̑�����","","0","RoXsK7JRCjLx3QiQkwTA1OW6PeoF39R65cSxiSqN5Hs"
"1","2024/10/01","iphone14pro 2��2�N����","-6138","�Ȃ�","�ʐM��","�g�ѓd�b","","0","nM3_ZxWOR4ZMzk9y32qxjCpxJMllLErfV1LxeOOQUaE"
